{
    "loss": 1.6324667930603027,
    "accuracy": 0.08938171714544296
}